6685,#NAME?,n,blue,,
12333,#NAME?,n,green,,
18125,#NAME?,n,rose,,
1142,#NAME?,n,yellow,,
4932,6rf.-green,n,green,,
10276,Beech-russet,c,russet,,
698,Fiddler's-green,y,,,
3151,Lead-colored,y,,,
4928,Turkey-red,n,red,,
4497,a-black,n,black,,
16981,a-brown,n,brown,,
3286,a-navy,n,navy,,
18587,a-ose-colored,n,rose-colored,,
12040,a-red,n,red,,
13779,a-rosy,n,rosy,,
585,a-salmon,n,salmon,,
11913,absinthe-colored,y,,,
15668,ad-colored,n,,,
3860,ale-colored,y,,,
6271,all-black,n,black,,
13235,all-blue,n,blue,,
13222,all-colored,n,,,
8913,all-golden,n,golden,,
13964,all-pink,n,pink,,
14102,all-white,n,white,,
9400,almond-colored,y,,,
5518,almond-white,c,white,,
15572,and-green,n,green,,
437,and-tan,n,tan,,
4711,and-white,n,white,,
4243,angry-colored,n,,m,
12483,ankle-bone,n,,,
9760,answe-red,n,,,
5441,apple-blossom-colored,y,,,
14660,apple-gray,c,gray,,
15560,apple-green,c,green,,
10524,apple-red,c,red,,
13632,arcel-gilt,n,gilt,,
19506,arial-gray,c,gray,,
11254,arm-bone,n,,,
3754,artist's-color,n,,,
2598,ash-blue,c,blue,,
990,ash-brown,c,brown,,
2273,ash-color,y,,,
9087,ash-colored,y,,,
2502,ash-gray,c,gray,,
13285,ash-green,c,green,,
1959,ash-white,c,white,,
15840,ashen-brown,y,,,
387,ashen-colored,y,,,
7707,ashen-gray,y,,,
17941,ashen-white,y,,,
8810,ashy-brown,c,brown,,
16907,ashy-gray,c,gray,,
9971,ashy-livid,c,livid,,
8707,ashy-white,c,white,,
3488,ashy-yellow,c,yellow,,
15631,atta-of-rose,n,,,
10623,attar-of-rose,n,,,
226,autumn-colored,n,,m,
16803,autumnal-brown,c,brown,,
14338,aventurine-colored,y,,,
14204,azm'e-blue,n,azure-blue,,
18612,azure-emerald,y,,,
11423,back-bone,n,,,
16939,back-green,n,green,,
18426,back-wheat,n,,,
5651,bad-colored,n,,m,
4184,badger-colored,y,,,
13878,badly-gilt,n,gilt,,
6197,bamboo-colored,y,,,
17390,bare-bone,n,,,
8186,bark-colored,y,,,
12034,battle-black,c,black,,
18479,battle-scarlet,c,scarlet,,
17057,bay-color,y,,,
4833,bay-colored,y,,m,
11766,bayonet-blue,c,blue,,
6378,be-gilt,n,gilt,,
13515,bead-black,c,black,,
16887,beady-black,c,black,,
2664,beautifally-colored,n,beautifully-colored,m,
2358,beautiful-colored,n,,m,
10983,beautifully-colored,n,,m,
14722,beautifully-white,c,white,,
17330,became-red,n,red,,
15496,beef-bone,n,,,
10867,beef-red,c,red,,
1310,beer-color,y,,,
17574,beetroot-colored,y,,,
14813,berry-brown,c,brown,,
3641,berry-red,c,red,,
12691,bhickish-green,c,green,,
13796,bhie-gray,c,gray,,
15438,bi-colored,n,,m,
4071,bilious-colored,n,,m,
11788,bilious-yellow,c,yellow,,
6834,bird-lime,c,lime,,
2081,bistre-brown,y,,,
1924,bistre-colored,y,,,
10213,bkie-gray,c,gray,,
1327,blackand-amber,n,black-and-amber,,
7296,blackand-blue,n,black-and-blue,,
18203,blackand-gilt,n,black-and-gilt,,
11884,blackand-gold,n,black-and-gold,,
4533,blackand-golden,n,black-and-golden,,
15504,blackand-tan,n,black-and-tan,,
10842,blackand-white,n,black-and-white,,
10633,blackblackink-black,n,black-black-ink-black,,
10139,blackened-green,c,green,,
1061,blaclvand-tan,n,black-and-tan,,
14632,blanket-colored,n,,,
16565,bleach-green,c,green,,
12650,bleaching-green,c,green,,
17487,blm-red,n,red,,
34,blood-color,y,,,
14966,blood-colored,y,,,
900,blood-crimson,c,crimson,,
6217,blood-purple,c,purple,,
12723,blood-red,c,red,,
15500,bloody-black,c,black,,
3819,bloody-bone,n,,,
17236,bloody-red,c,red,,
6621,bloom-colored,y,,,
15547,blossom-colored,y,,,
6369,blossom-white,c,white,,
13766,blotting-paper-colored,n,,,
5082,blude-red,c,red,,
17627,blueand-gold,n,blue-and-gold,,
7324,blueand-gray,n,blue-and-gray,,
14447,blueand-white,n ,blue-and-white,,
8986,blueish-black,y,,,
13480,blueish-brown,y,,,
13617,blueish-gray,y,,,
919,bluey-brown,y,,,
2605,bluey-gray,y,,,
10921,bluid-red,n,red,,
11299,blush-colored,y,,n,
6382,blush-red,c,red,,
10120,blush-rose,c,red,,
16670,boat-green,c,green,,
6514,bob-cherry,c,cherry,,
1788,body-colored,n,,,
3895,bog-colored,y,,,
4003,boned-gray,c,gray,,
10089,bonnet-rouge,c,red,,
14211,book-black,c,black,,
12151,boot-black,c,black,,
14473,boot-blacker,n,,,
7883,bottle-blue,c,blue,,
9375,bottle-colored,n,,,
8471,bottle-green,c,green,,
7138,bovvllng-green,c,green,,bowling-green
3597,bowbng-green,c,green,,bowling-green
10310,bowhng-green,c,green,,bowling-green
10298,bowling-green,c,green,,
14858,bracken-green,c,green,,
16846,bran-colored,y,,,
5671,branded-gray,c,gray,,
4617,brandy-brown,c,brown,,
8712,brandy-colored,y,,,
12289,brass-color,y,,,
4477,brassy-yellow,c,yellow,,
11493,breast-bone,n,,,
12722,briar-rose,c,rose,,
35,brick-dust-colored,y,,,
10458,brickdust-colored,y,,,
11069,brid-lime,c,lime,,
17576,bridal-green,c,green,,
1130,bride-white,c,white,,
14956,brifrht-colored,n,bright-colored,m,
9026,brigbt-colored,n,bright-colored,m,
16972,bright-colored,n,,m,
4818,brightest-colored,n,,m,
12905,brightly-colored,n,,m,
12658,brightly-gilded,n,,,
15470,briglit-yellow,c,yellow,,
10701,briht-colored,n,bright-colored,m,
4959,brilliant-colored,n,,m,
5052,brilliantly-colored,n,,m,
19064,brilliantly-green,c,green,,
6239,brilliantly-white,c,white,,
4280,brimstone-colored,y,,,
9823,brimstone-yellow,c,yellow,,
19260,broad-green,c,green,,
2591,bronzed-brown,c,brown,,
17022,brook-lime,c,lime,,
14008,brown-study-color,n,,,
18448,bruise-purple,c,bruise,,
8602,buck-wheat,n,,,
15057,buff-color,n,,m,
14273,buff-colored,n,,m,
2296,bufi-colored,n,buff-colored,m,
7966,buflf-colored,n,buff-colored,m,
11158,burnet-colored,y,,,
5916,burning-red,c,red,,
12468,burnished-brown,c,brown,,
1207,burnt-red,c,red,,
17904,burnt-sienna,c,sienna,,
16082,burnt-umber,c,umber,,
10690,butcher-blue,c,blue,,
17548,butchers'-blue,y,,,
18722,butter-colored,y,,,
18121,butter-yellow,c,yellow,,
19204,butternut-colored,y,,,
4201,buy-a-moss-rose,n,rose,,
16888,by-blue,n,blue,,
17496,cabbage-rose,c,rose,,
12031,cadmium-orange,c,orange,,
1078,cadmium-yellow,c,yellow,,
1416,caimac-cream,c,cream,,
580,cameleon-colored,n,,m,
18506,canarv-colored,y,canary-colored,,
4336,canarv-yellow,n,yellow,,canary-yellow
14404,cane-colored,y,,,
18552,capsicum-colored,y,,,
13099,cardinal-blue,c,blue,,
972,carefully-colored,n,,m,
2138,carnation-color,y,,,
12115,carnation-colored,y,,,
18,carnation-red,c,red,,
11897,carrot-colored,y,,,
8412,carrotty-colored,y,,,
9078,carrotty-red,c,red,,
16319,carroty-red,c,red,,
6733,carroty-yellow,c,yellow,,
12262,carved-ivory,c,ivory,,
4198,castle-green,c,green,,
16449,cat-green,c,green,,
13628,cedar-colored,y,,,
18754,cedar-green,c,green,,
8023,celadon-green,y,,,
18871,chalk-colored,n,,m,
10659,chalk-white,c,white,,
15945,changing-colored,n,,m,
616,chapel-green,c,green,,
4000,cheaply-gilt,n,gilt,,
11438,cheek-bone,n,,,
16272,cheese-colored,n,,m,
17852,cheity-colored,n,,m,
3401,chemically-colored,n,,m,
15063,cherrj-colored,n,cherry-colored,m,
2681,cherrv-colored,n,cherry-colored,m,
9294,chesnut-brown,c,brown,,chestnut-brown
2870,chesnut-colored,n,,m,
19376,chestnnt-brown,c,brown,,chestnut-brown
2638,chill-red,c,red,,
6131,china-blue,c,blue,,
13145,china-rose,c,rose,,
2057,chinchilli-colored,n,,m,
7188,chintz-colored,n,,m,
13439,chocolateand-white,n,chocolate-and-white,,
1262,chrome-yellow,c,yellow,,
17570,chrysoprase-green,c,green,,
9956,cinder-black,c,black,,
2104,citron-colored,n,,m,
9432,ckiret-colored,n,,m,
17768,clay-color,n,,m,
12611,clay-colored,n,,m,
1866,clay-white,c,white,,
8258,clayey-colored,n,clayed-colored,m,
6646,clear-blue,c,blue,,
7149,clear-brown,c,brown,,
6033,clew-garnet,n,,,
15980,cliarcoal-black,c,black,,charcoal-black
14368,clierry-colored,c,cherry-colored,m,
6183,cliina-blue,c,blue,,china-blue
16676,clingy-white,c,white,,
6619,clog-violet,c,violet,,
14240,cloister-green,c,green,,
11173,cloth-of-gold,n,gold,,
11621,clothes-blue,c,blue,,
132,clothof-gold,n,gold,,
15911,cloud-shadow,n,,,
16801,cloudy-white,c,white,,
11706,clove-pink,c,pink,,
6041,clover-white,c,white,,
1223,cluster-rose,c,rose,,
2854,cntt-red,n,red,,
3281,coal-red,c,red,,
15817,coarse-colored,n,,m,
2056,cobweb-colored,n,,m,
5356,cocoon-colored,n,,m,
901,coffee-brown,c,brown,,
17601,coffee-colored,n,,m,
13260,coffee-cream,y,,,
13081,coffeeand-cream,n,coffee-and-cream,,
5991,cofiin-black,c,black,,
1349,cofipee-colored,n,coffee-colored,m,
4691,coideiirde-rose,n,rose,,
14197,cola-black,c,black,,
7237,cold-black,c,black,,
18204,cold-blue,c,blue,,
11174,cold-cream,c,cream,,
13338,cold-gray,c,gray,,
8044,collar-bone,n,,,
9571,college-green,c,green,,
6407,colorssalmon-pink,c,pink,,salmon-pink
4373,concui-red,n,,,
8912,confei-red,n,,,
2097,consid-red,n,,,
4078,cool-colored,n,,m,
8442,copperas-colored,y,,,
19443,coppery-colored,n,,m,
5325,coppery-gray,c,gray,,
8215,coppery-red,c,red,,
7147,corn-color,n,,m,
11056,corn-colored,y,,,
17068,cornelian-red,c,red,,
2406,costly-colored,n,,m,
3400,cotlee-colored,n,,,
11339,cottage-white,c,white,,
18021,cotton-colored,y,,,
19124,cotton-white,c,white,,
1708,couletcrde-rose,n,rose,,
15125,couleur-de-rose,y,rose,,
2244,couleurde-rose,n,rose,,
9064,cousin-red,c,red,,
6459,cow-colored,y,,,
3308,cow-dun,n,,,
15181,cowslip-colored,y,,,
4802,crane-colored,y,,,
18877,creamy-pink,c,pink,,
206,creamy-white,c,white,,
12230,crime-gilt,c,gilt,,
6706,crirae-gilt,n,gilt,,
9687,crisp-brown,c,brown,,
12740,crisp-white,c,white,,
9903,crockery-blue,c,blue,,
763,crocus-colored,y,,,
8859,croquet-green,c,green,,
9611,crow-black,c,black,,
7192,crown-colored,n,,,
14257,crude-colored,n,,,
15926,cucumber-green,c,cucumber,,
12004,curd-white,c,white,,
6486,curious-colored,n,,m,
19534,curly-black,c,black,,
9673,currant-colored,y,,,
1075,currie-colored,y,,,
14546,custard-colored,y,,,
17050,cwcam-colored,n,,,
10607,dahlia-colored,y,,,
6561,daik-green,c,green,,
1214,daik-red,c,red,,
16684,daintysky-blue,c,blue,,
11849,damaged-orange,c,orange,,
14711,damask-red,c,red,,
8220,damask-rose,c,rose,,
10072,damson-colored,y,,,
2649,dandy-gray-russet,c,gray-russet,,
8963,dapple-gray,c,gray,,
12161,dappled-cream,c,cream,,
14687,dappled-gray,c,gray,,
19247,dappled-white,c,white,,
19196,dark-colored,n,,m,
12556,darker-colored,n,,m,
3253,darkest-colored,n,,m,
16931,darkish-blue,c,blue,,
8988,darkly-colored,n,,m,
17119,darkly-purple,c,purple,,
4136,dashing-white,c,white,,
17229,day-brick,n,,,
6845,dazzling-green,c,green,,
3010,dazzling-white,c,white,,
7279,dbutcream-colored,n,,,
19392,dead-black,c,black,,
12140,dead-blue,c,blue,,
4699,dead-brown,c,brown,,
399,dead-colored,n,,m,
11475,dead-gold,c,gold,,
10865,dead-golden,c,golden,,
1759,dead-opal,c,opal,,
3143,dead-white,c,white,,
14603,dead-yellow,c,yellow,,
6614,deadly-white,c,white,,
5776,death-black,c,black,,
4584,death-blue,c,blue,,
2068,death-shadow,n,,,
4154,death-white,c,white,,
12109,deceitfully-green,c,green,,
3432,decla-red,n,,,
6657,deep-colored,n,,m,
9183,deeper-colored,n,,m,
16653,deeply-blue,c,blue,,
12142,deeply-colored,n,,m,
10771,deeply-green,c,green,,
17039,deiinec-red,n,red,,
8784,delft-blue,n,blue,,
15692,delicate-colored,n,,m,
13494,delicately-brown,c,brown,,
5644,delicately-colored,n,,m,
1842,delicately-pink,c,pink,,
729,delicately-white,c,white,,
4129,deliciously-brown,c,bornw,,
12236,demi-cerulean,y,,,
10547,demi-semi-colored,n,,m,
11508,dew-white,c,white,,
7142,diamond-white,c,white,,
673,different-colored,n,,m,
3821,differently-colored,n,,m,
335,dim-blue,c,blue,,
13473,dim-colored,n,,m,
9726,dim-gold,c,gold,,
6480,dim-red,c,red,,
9166,dimly-colored,n,,m,
11875,dingy-colored,n,,m,
15657,dingy-gilt,c,gilt,,
4485,dingy-green,c,green,,
10402,dingy-red,c,red,,
15366,dingy-white,c,white,,
2164,dingy-yellow,c,yellow,,
4186,dirt-brown,c,brown,,
17532,dirt-colored,y,,,
19347,dirty-brown,c,brown,,
14597,dirty-red,c,red,,
14350,dirty-white,c,white,,
13929,dirty-yellow,c,yellow,,
2144,dis-colored,n,,,
1852,discovt-red,n,,,
12986,disksilver-white,y,,,
14647,distressingly-green,c,green,,
3279,divers-colored,n,,m,
4712,dog-rose,c,rose,,
16186,dog-violet,c,violet,,
6072,dogue-rose,n,rose,,
10166,double-brown,c,brown,,
18595,double-colored,n,,m,
19563,double-gilded,n,,,
14617,double-gilt,n,gilt,,
131,double-gold,n,gold,,
13484,doubtfully-white,n,white,,
18603,dove'sneck-colored,y,,,
17389,dove-color,y,,,
8421,dove-colored,y,,,
13662,dove-gray,c,gray,,
17691,drab-color,y,,,
1360,drab-colored,y,,,
6544,drab-gray,y,,,
16504,drabby-brownish,y,,,
19476,drabby-gray,y,,,
13188,dream-shadow,n,,,
17191,dress-pink,n,pink,,
5622,dresseswater-colored,n,water-colored,,
3474,dry-bone,n,,,
921,drying-green,n,green,,
4518,duck-egg-colored,y,,,
9217,duckline-colored,n,,,
10761,duffle-gray,n,gray,,
15161,dull-black,c,black,,
2260,dull-blue,c,blue,,
5989,dull-colored,n,,m,
16443,dull-gold,c,gold,,
17115,dull-golden,c,golden,,
1308,dull-gray,c,gray,,
4941,dull-green,c,green,,
11804,dull-purple,c,purple,,
6770,dull-red,c,red,,
8049,duller-colored,n,,m,
168,dun-duckettymud-colored,n,mud-colored,,
11573,dung-colored,y,,,
17049,dusk-red,c,red,,
4613,dusky-brown,c,brown,,
7578,dusky-green,c,green,,
1442,dusky-red,c,red,,
13412,dusky-white,c,white,,
8473,dusky-yellow,c,yellow,,
2872,dust-brown,c,brown,,
15907,dust-color,y,,,
12977,dust-colored,y,,,
970,dust-gray,c,gray,,
15097,duster-colored,n,,,
6540,dusty-amethyst,c,amethyst,,
11822,dusty-brown,c,brown,,
2395,dusty-colored,n,,m,
14972,dusty-gray,c,gray,,
13339,dusty-white,c,white,,
5477,dwarf-colored,y,,,
7826,e-bone,n,,,
9305,e-colored,n,,,
5108,e-green,n,,,
2712,earth-brown,c,brown,,
1770,earth-color,y,,,
10655,earth-colored,y,,,
9578,ebon-black,y,,,
12281,ebon-colored,y,,,
14787,edges-gilt,n,,,
10154,eel-brown,c,brown,,
16066,eel-color,y,,,
14169,elaborately-gilded,n,gilded,,
385,elect-in-purple,n,purple,,
17436,electric-blue,c,blue,,
10820,emerald,y,,,
10671,emerald-colored,y,,,
18878,emerald-green,y,,,
19452,eold-colored,n,old-colored,,
10007,eternally-rosy,n,rosy,,
1595,evening-blue,c,blue,,
18888,evening-red,c,red,,
14931,ever-blue,c,blue,,
7304,ever-green,c,green,,
19560,ever-red,c,red,,
7592,ever-rosy,c,rosy,,
19306,ever-sanguine,c,sanguine,,
6067,ex-white,n,white,,
4706,exquisitely-colored,n,,m,
16965,eye-bone,n,,,
12470,faavn-colored,n,,,
11869,fad-colored,n,,m,
5599,faint-blue,c,blue,,
13516,faint-colored,n,,m,
15571,faint-gray,c,gray,,
3367,faint-green,c,green,,
18571,faintly-azure,c,azure,,
18427,faintly-colored,n,,m,
2980,faintly-green,c,green,,
2706,faintly-lilac,c,lilac,,
14417,fair-brown,c,brown,,
18010,fair-colored,n,,m,
8428,fair-green,c,green,,
12016,fair-yellow,c,yellow,,
9188,fairy-colored,n,,m,
14237,fairy-green,c,green,,
8052,fairy-pink,c,pink,,
8922,falsely-sanguine,n,sanguine,,
9372,fan-tan,n,tan,,
9199,fancy-colored,n,,m,
5861,fashionably-black,n,black,,
14863,fast-colored,n,,m,
7639,feather-white,c,white,,
13889,fern-red,c,red,,
13047,ferret-red,c,red,,
2441,fettf-red,n,,,
9715,fierj-red,n,fiery-red,,
17901,fiery-colored,y,,,
6939,fiery-crimson,c,crimson,,
11396,fiery-gold,c,gold,,
11976,fiery-golden,c,golden,,
3580,fiery-red,c,red,,
137,fig-marigold,c,marigold,,
17847,figured-green,n,green,,
3779,filigree-silver,c,silver,,
18093,fillemot-colored,n,filemot-colored,,
5248,filthy-colored,n,,m,
16963,filver-purple,n,silver-purple,,
8313,finch-colored,y,,,
19222,fine-colored,n,,m,
6079,finely-colored,n,,m,
2578,finely-gilded,n,gilded,,
8958,fire-colored,y,,,
13814,fire-opal,c,opal,,
13737,fire-red,c,red,,
17480,fire-ruddy,c,rubby,,
4137,fish-bone,n,,,
13932,fishy-green,c,green,,
16163,five-colored,n,,m,
5736,five-shilling-brown,c,brown,,
1918,flake-white,c,white,,
18699,flame-color,y,,,
16387,flame-colored,y,,,
8590,flaming-red,c,red,,
15489,flamiug-red,n,flaming-red,,
10148,flaring-colored,y,,,
6024,flash-colored,n,,m,
371,flax-colored,y,,,
6364,flax-white,c,white,,
10053,flea-bitten-gray,n,gray,,
220,fleecy-white,n,white,,
18749,flesh-colored,y,,,
14853,flint-colored,y,,,
11262,flint-gray,c,gray,,
7045,floury-white,c,white,,
13025,flower-blue,c,blue,,
9535,flower-colored,y,,,
7205,fly-in-amber,n,amber,,
6852,foam-white,c,white,,
7750,fog-colored,y,,,
5674,forest-green,c,green,,
18983,forget-me-not-colored,n,,,
3496,fox-colored,y,,,
2672,foxy-black,c,black,,
2862,foxy-colored,y,,,
5936,foxy-red,c,red,,
15679,free-colored,n,,m,
9174,frefh-colored,n,fresh-colored,,
12820,fresh-colored,n,,m,
5589,freshly-gilded,n,gilded,,
18822,freshly-gilt,n,gilt,,
10608,freshly-red,n,red,,
1397,fresli-colored,n,,,
16808,frost-black,c,black,,
19096,frost-white,c,white,,
6015,frosty-red,c,red,,
5119,frothy-white,c,white,,
15812,ftraw-colored,n,,,
10681,full-black,n,black,,
13966,full-colored,n,,m,
7693,fully-colored,n,,m,
12377,g'olden-colored,n,golden-colored,,
13782,gaily-colored,n,,m,
7917,gala-green,c,green,,
15002,gall-honey,n,,,
1237,galloway-white,c,white,,
18653,gallows-green,c,green,,
581,gamboge-colored,y,,,
5391,garden-green,c,green,,
6888,garter-blue,c,blue,,
13244,gas-jet,y,,,
2090,gaudily-colored,n,,m,
9803,gaudily-gilt,n,gilt,,
10889,gaudy-colored,n,,m,
3140,gay-colored,n,,m,
10800,gem-green,c,green,,
6124,gentian-colored,y,,,
16997,gentianella-colored,y,,,
2774,geranium-colored,y,,,
1850,geranium-green,c,green,,
9902,geranium-red,c,red,,
5492,german-silver,n,,,
439,ghastly-white,n,white,,
13381,ghost-gray,c,grey,,
18407,ghost-white,c,white,,
11890,gipsj-colored,n,gipsy-colored,,
16742,gipsy-brown,c,brown,,
878,glass-blue,c,blue,,
17786,glass-gray,c,gray,,
139,glass-green,c,green,,
19318,glass-white,c,white,,
10270,glassy-blue,c,blue,,
1331,glassy-emerald,c,emerald,,
3024,glassy-green,c,green,,
9005,glaucous-green,y,,,
19109,glittering-white,c,white,,
14839,gloomy-colored,n,,m,
1423,glorious-colored,n,,m,
18130,glossy-brown,c,brown,,
4455,glossy-green,c,green,,
18324,glossy-white,c,white,,
6149,glow-worm-colored,n,glowworm-colored,,
12312,glowworm-colored,y,,,
9917,goldy-brown,y,,,
13650,goose-gray,c,gray,,
5426,goose-green,c,green,,
822,gooseberry-colored,y,,,
11211,gorgeous-colored,n,,m,
13378,gorgeously-colored,n,,m,
7981,gorgeously-gilded,n,gilded,,
15794,gorgeously-gilt,n,gilt,,
12786,gosling-colored,y,,,
5080,gosling-green,c,green,,
8797,granite-colored,y,,,
10693,grape-green,c,green,,
606,grass-colored,y,,,
5658,grass-green,c,green,,
7198,grassy-green,c,green,,
11644,grave-colored,y,,,
8261,grayand-silver,n,gray-and-silver,,
14375,grayand-white,n,gray-and-white,,
16545,greenand-black,n,green-and-black,,
6503,greenand-pink,n,green-and-pink,,
16447,greengage-colored,y,,,
17015,greenisb-black,n,greenish-black,,
18992,greenybrowny-yellowish,n,greeny-browny-yellowish,,
7221,greeu-gray,n,,,
6108,grise-colored,n,gray-colored,,
12063,grizzle-gray,c,gray,,
14334,grizzly-brown,y,,,
2465,grocer's-blue,n,,,
7306,grogram-gray,n,,,
10226,guelder-rose,n,,,
10618,guinea-colored,y,,,
14313,gummy-brown,c,brown,,
9196,hair-colored,y,,,
17750,half-black,n,black,,
5888,half-blue,n,blue,,
11687,half-colored,n,,m,
4733,half-crimson,n,crimson,,
7667,half-emerald,n,emerald,,
3849,half-flaxen,n,flaxen,,
15249,half-gold,n,gold,,
3241,half-golden,n,golden,,
12196,half-gray,n,gray,,
11742,half-green,n,green,,
9567,half-livid,n,livid,,
15156,half-olive,n,olive,,
2173,half-purple,n,purple,,
14730,half-red,n,red,,
4413,half-rose,n,rose,,
1187,half-silver,n,silver,,
1558,half-white,n,white,,
2035,hangin'-bone,n,,,
16439,hard-blue,c,blue,,
3694,harebell-azure,c,azure,,
3268,harlequin-colored,n,,m,
7380,harmoniously-colored,n,,m,
10568,harsh-colored,n,,m,
6289,hay-colored,y,,,
12546,hay-green,c,green,,
7980,hazy-blue,c,blue,,
15618,hazy-white,c,white,,
17644,health-rosy,n,rosy,,
13425,heath-brown,c,brown,,
14969,heather-colored,y,,,
10871,heather-purple,c,purple,,
6960,heaven-blue,n,blue,,
7109,heaven-colored,n,,m,
10151,heavenly-blue,c,blue,,
12879,heavily-gilded,n,gilded,,
10275,heavily-gilt,n,gilt,,
8931,heavy-gilded,c,gilded,,
5541,hectic-colored,n,,m,
2223,heddm-gray,n,gray,,
17201,her-white,n,white,,
2413,herrin'-bone,n,,,
9355,herring-bone,n,,,
3879,hght-blue,n,,,
7297,hght-brown,n,,,
11974,hght-colored,n,,,
18555,hght-gray,n,,,
15882,hice-cream,n,,,
8422,high-cheeked-bone,n,,,
13297,high-colored,n,,m,
7600,higher-colored,n,,m,
800,highest-colored,n,,m,
18769,highly-colored,n,,m,
532,highly-gilded,n,gilded,,
7792,highly-gilt,n,gilt,,
13093,highly-sanguine,n,sanguine,,
12416,higli-colored,n,,,
13401,hihly-colored,n,,,
13443,hill-violet,n,violet,,
3966,hiohlv-colored,n,,,
15727,his-color,n,,,
6404,his-white,n,white,,
8480,hisgray-green,n,gray-green,,
11780,hlack-red,n,black-red,,
1318,hly-white,n,white,,
3552,hoar-frost-silver,y,,,
14841,hodden-gray,c,gray,,
13867,hoddin-gray,c,gray,,
931,hoe-black,c,black,,
10887,hog-plum,n,,,
4389,holly-green,n,green,,
12301,hopelessly-black,n,black,,
10378,horse-chestnut,n,,,
13419,horse-reddish,n,,,
11206,hot-chestnut,n,,,
9103,houton-de-rose,n,rose,,
14845,hunting-green,n,green,,
9478,huntsky-blue,n,sky-blue,,
4830,iarti-colored,n,,,
966,ice-blue,c,blue,,
11934,ice-colored,y,,,
15277,ice-cream,n,,,
3053,ice-gray,c,gray,,
18709,ice-white,c,white,,
17108,ideal-sanguine,n,sanguine,,
3138,iiery-red,n,,,
6730,ill-colored,n,,m,
10023,imitation-pearl,n,,,
15509,impossible-colored,n,,m,
11682,in-gold,n,gold,,
3247,in-whitest,n,whitest,,
14175,incm-red,n,,,
13406,indian-red,c,red,,
5782,indifferently-colored,n,,m,
7789,inj-red,n,,,
14441,ink-blue,c,blue,,
5710,inky-black,c,black,,
5452,inky-colored,y,,,
10584,instep-bone,n,,,
7692,intensely-blue,n,blue,,
9356,invisible-blue,c,blue,,
6508,invisible-green,c,green,,
6501,iron-black,c,black,,
8695,iron-brown,c,brown,,
5501,iron-colored,y,,,
14410,iron-gray,c,gray,,
7635,irongray-colored,n,iron-gray-colored,,
16046,irou-gray,n,iron-gray,,
16479,is-gray,n,gray,,
13559,is-green,n,green,,
3377,itch-black,n,,,
6294,itcrocus-yellow,n,,,
6984,its-red,n,red,,
18001,iurplish-blue,n,purplish-blue,,
165,ivy-colored,y,,,
19237,ivy-green,c,green,,
18559,jack-in-the-green,n,,,
16077,jack-inthe-green,n,,,
18099,jackdaw-colored,y,,,
15723,japonica-colored,y,,,
18913,jarti-colored,n,,,
9691,jaundice-colored,y,,,
1932,jaundice-yellow,c,yellow,,
8738,jaw-bone,n,,,
156,jdlum-colored,n,,,
9572,jetty-black,y,,,
16777,jewel-colored,y,,,
7723,jewel-red,c,red,,
15884,jeweller's-gold,n,,,
2877,jigolden-brown,n,golden-brown,,
7456,jonquil-colored,y,,,
4834,jozvzz-colored,n,,,
12979,jsky-blue,n,sky-blue,,
14229,keen-blue,n,blue,,
13835,keenly-blue,n,blue,,
17501,kettle-colored,y,,,
18428,kid-colored,n,,,
13710,kind-blue,n,blue,,
7267,l-red,n,red,,
14458,lake-red,n,red,,
19284,lam'-black,n,,,
9036,lamb-black,n,,,
5068,lamp-black,n,,,
3961,lapis-blue,c,blue,,
15114,lapis-colored,y,,,
9271,laurel-rose,c,rose,,
18200,lava-colored,y,,,
18845,le-green,n,green,,
7059,lead-color,y,,,
3233,lead-colored,y,,,
14719,leaden-black,y,,,
4275,leaden-blue,y,,,
12053,leaden-colored,y,,,
4293,leaden-gray,y,,,
15839,leaden-green,y,,,
17110,leaden-yellow,y,,,
15300,leadtn-colored,n,leaden-colored,,
5284,leaf-colored,y,,,
408,leaf-gold,c,gold,,
2702,leaf-shadow,n,,,
17020,least-roseate,n,roseate,,
2429,leather-brown,c,brown,,
14241,leather-colored,y,,,
3495,lemoa-colored,n,,,
14825,lemouand-white,n,white,,
13150,leprous-colored,n,,m,
8719,liame-colored,n,,,
9070,lichen-colored,y,,,
18232,licht-colored,n,,,
8754,lidit-brown,n,light-brown,,
6805,lie-gilt,n,,,
19022,light-colored,n,,m,
13022,lighted-gray,c,gray,,
4400,lighter-blue,c,blue,,
16625,lighter-colored,n,,m,
7078,lightest-blue,c,blue,,
18102,lightish-brown,y,,,
1137,lightish-colored,n,,m,
3582,lightish-gray,y,,,
363,lightning-blue,c,blue,,
9106,liglit-brown,n,light-brown,,
18583,liht-brown,n,light-brown,,
1799,lilach-colored,n,lilac-colored,,
12219,lilly-white,c,white,,
14579,lint-white,c,white,,
5338,lio-ht-blue,n,,,
9980,lioht-colored,n,light-colored,m,
17286,lion-brown,c,brown,,
7501,lion-colored,y,,,
8852,liorht-colored,n,,,
9786,lively-colored,n,,m,
3383,liver-colored,y,,,
10754,liverand-white,n,white,,
4040,living-red,c,red,,
997,lizai'd-green,n,,,
18474,lizard-green,y,,,
13023,long-shadow,n,,,
12160,longcoal-black,n,coal-black,,
16059,longsnow-white,n,snow-white,,
3503,loud-colored,n,,m,
14303,lovely-colored,n,,m,
5268,lurid-blue,n,blue,,
15451,lustrous-rosy,c,rosy,,
19384,m-colored,n,,,
17391,mackerel-colored,y,,,
12742,maiden-white,c,white,,
1659,maize-color,y,,,
7134,maize-colored,y,,,
8627,man-shadow,n,,,
15486,man3-colored,n,,,
407,mani-colored,n,,,
14731,manifold-colored,n,,,
4718,manj'-colored,n,many-colored,m,
17711,manj-colored,n,many-colored,m,
18513,manv-colored,n,many-colored,m,
15918,many-colored,n,,m,
15047,maple-colored,y,,,
19323,marble-colored,y,,,
15850,marble-white,y,,,
9630,marblesemerald-green,n,emerald,,
10651,marone-colored,n,,,
18579,marrow-bone,n,,,
6638,mazareen-blue,n,blue,,
11213,meadow-brown,c,brown,,
8880,meadow-green,c,green,,
3921,meadow-pink,c,pink,,
15635,meadow-saffron,c,saffron,,
4568,mellow-colored,n,,m,
12500,mellow-green,n,green,,
12938,merchant-navy,n,,,
15539,metallic-colored,y,,,
18953,metatmary-le-bone,n,,,
8218,mildly-colored,n,,m,
1357,milk-colored,y,,,
17753,mill\-white,n,white,,
16886,mimosa-colored,y,,,
13351,minium-colored,y,,,
10125,mist-colored,y,,,
1610,mist-gray,y,,,
757,misty-gray,y,,,
3691,misty-white,y,,,
2428,mock-orange,n,,,
11302,mock-silver,n,,,
16236,moist-color,n,,m,
18582,molasses-colored,y,,,
4122,molten-golden,c,golden,,
8458,moon-colored,y,,,
11482,moon-white,y,,,
18065,moonlight-colored,y,,,
1313,moonlit-colored,y,,,
15322,morella-cherry,n,,,
2679,morohe-colored,n,,,
12461,morone-colored,y,,,
13325,mosaic-gold,c,gold,,
11134,moss-colored,y,,,
13212,moss-gray,y,,,
8906,moss-pink,c,pink,,
12962,moss-rose,c,rose,,
15681,mote-white,y,,,
12662,mother-o'-pearl,n,mother-of-pearl,,
11325,mother-o-pearl,n,mother-of-pearl,,
15265,mother-of-pearl,y,,,
18995,mother-of-pearly,n,mother-of-pearl,,
8331,mothero'-pearl,n,mother-of-pearl,,
17945,motherof-pearl,n,mother-of-pearl,,
15290,motle3'-colored,n,motley-colored,m,
13364,motley-colored,n,,m,
14129,motley-yellow,c,yellow,,
13387,mottled-gray,c,gray,,
9870,mottled-red,c,red,,
15146,mottled-yellow,y,,,
17395,mountain-pink,c,pink,,
10414,mouse-brown,c,brown,,
15745,mouse-color,y,,,
19282,mouse-colored,y,,,
11100,mouse-dun,c,dun,,
13971,mouse-gray,c,gray,,
159,mrsh-marigold,n,marigold,,
2985,much-gilded,n,gilded,,
17936,mud-brown,y,,,
16175,mud-color,y,,,
5056,mud-colored,y,,,
10355,muddy-brown,y,,,
10225,muddy-colored,y,,,
11689,muddy-gray,y,,,
14293,muddy-green,c,green,,
6832,muddy-yellow,c,yellow,,
4300,mulatto-brown,y,,,
18396,mulberry-colored,y,,,
463,mullet-colored,y,,,
7746,multi-colored,n,,m,
5803,murraj-colored,n,murrey-colored,,
17628,murray-colored,n,murrey-colored,,
14047,murrey-colored,y,,,
2505,mushroom-colored,y,,,
19003,musk-colored,y,,,
12496,musk-rose,n,,,
2685,myriad-colored,n,,m,
19193,myrtle-colored,y,,,
16424,myrtle-green,y,,,
10818,mysotis-colored,y,,,
10084,naker-gray,y,,,
16775,name-colored,n,,m,
17003,nameless-colored,n,,m,
876,nankin-colored,y,,,
5554,natural-colored,n,,m,
3907,nature-colored,n,,m,
5569,nentral-gray,n,,m,
7023,nervous-sanguine,n,sanguine,,
13702,neutral-colored,n,,m,
12210,never-slumberinodark-blue,n,blue,,
16208,new-colored,n,,m,
6866,new-mahogany-colored,n,mahogany,,
8700,newly-colored,n,,m,
6050,newly-gilded,n,gilded,,
4903,newly-gilt,n,gilt,,
4301,nice-colored,n,,m,
3781,nigger-black,n,,,
13645,night-black,y,,,
6223,night-blue,y,,,
18656,nightdark-green,n,green,,
4398,no-colored,n,,m,
12442,nondescript-colored,n,,m,
14681,not-black,n,,,
3628,nuany-colored,n,,,
15211,nut-brown,y,,,
6911,nut-colored,y,,,
13398,nutmeg-gray,c,gray,,
2452,nutty-white,c,white,,
11019,o-iris,n,,,
45,oak-brown,y,,,
9171,oak-colored,y,,,
16327,oakum-colored,y,,,
16301,oal-black,n,black,,
7056,oat-colored,y,,,
1878,obsci-red,n,,,
3421,occiu-red,n,,,
2004,occm-red,n,,,
9398,occui-red,n,,,
16530,ocean-brown,c,brown,,
16708,ochreish-red,y,,,
3739,of-lime,n,,,
18257,off-color,n,,m,
7130,off-colored,n,,m,
10667,ofll-red,n,,,
9399,ohve-colored,n,,,
11336,oil-color,y,,,
13095,oily-black,c,black,,
6039,oily-green,c,green,,
11432,old-colored,n,,m,
8514,old-gold,n,gold,,
5945,old-gold-colored,n,gold,,
16980,old-rose,n,,,
3347,olk-red,n,red,,
17722,omni-colored,n,,m,
17401,once-black,n,black,,
11075,once-gilded,n,gilded,,
17462,once-gold,n,gold,,
4635,once-golden,n,golden,,
6113,once-red,n,red,,
3813,once-sanguine,n,sanguine,,
10206,once-white,n,white,,
11601,one-colored,n,,m,
15107,one-gold,n,gold,,
2109,onyx-colored,y,,,
15545,ooldish-colored,n,,,
8850,opaline-colored,y,,,
16183,or-white,n,white,,
9277,orangeand-black,n,black,,
1198,orano'e-colored,n,,,
3205,oreille-d'ours-colored,n,,,
9544,other-of-pearl,n,mother-of-pearl,,
4450,otto-of-rose,n,,,
2044,over-blue,n,blue,,
6853,over-colored,n,,m,
3898,over-gilded,n,gilded,,
13712,over-gilt,n,gilt,,
8476,over-red,n,red,,
16437,over-sanguine,n,sanguine,,
9485,over-white,n,white,,
16522,own-gray,n,gray,,
10083,oxjdised-silver,n,,,
18632,oyster-sauce-colored,y,,,
8883,painfully-yellow,n,yellow,,
4119,pale-colored,n,,m,
19086,pale-mauve-colored,y,,,
7753,palish-gray,n,gray,,
10557,pallid-rosy,n,rosy,,
14210,paly-gold,n,gold,,
3942,panel-gilt,n,gilt,,
2697,pansy-blue,y,,,
13641,paper-colored,y,,,
4151,paper-gold,y,,,
7289,parcel-gilt,n,gilt,,
7066,parchment-colored,y,,,
2101,parchment-white,y,,,
6013,parchment-yellow,y,,,
7767,parson's-gray,n,gray,,
15622,part-colored,n,,,
17709,parti-colored,n,,,
6940,partridge-colored,y,,,
3924,party-color,n,,,
13565,party-colored,n,,,
16336,paste-white,c,white,,
17554,pea-greenish,y,,,
1116,peachy-colored,y,,,
14403,peas-soup-colored,y,,,
18617,peat-colored,y,,,
12291,peaty-brown,y,,,
8196,peculiar-colored,n,,m,
11933,pellucid-blue,c,blue,,
14906,pepper-andsalt-colored,n,gray,,
16934,pepper-colored,y,,,
13104,pepperand-salt-colored,n,gray,,
18421,per-colored,n,,,
14812,perdition-colored,n,,m,
2201,perfectly-blue,n,blue,,
12309,periwinkle-blue,y,,,
2383,phantom-gray,c,gray,,
3464,pick-bone,n,,,
16187,pickle-salmon,n,,,
17604,picture-green,c,green,,
7313,pie-gray,c,gray,,
13882,pied-black,c,black,,
8239,pig-colored,y,,,
5349,pigeon-blue,y,,,
11117,pinkand-gold,n,gold,,
8054,pinkand-white,n,white,,
19398,pinky-brown,y,,,
10542,pinky-green,y,,,
11035,pinky-red,y,,,
14777,pinky-white,y,,,
10144,pippin-colored,y,,,
18765,pirate-navy,n,,,
3692,pitch-black,y,,,
954,pitch-brown,y,,,
501,piuk-white,c,white,,
9066,plague-blue,c,blue,,
16192,plain-colored,n,,m,
6925,play-green,n,green,,
4963,pleasant-colored,n,,m,
17507,pleasantly-golden,n,golden,,
351,plumb-colored,n,,,
5475,plumbago-colored,y,,,
16746,pm-red,n,,,
7710,poarl-colored,n,,,
9872,poetic-blue,c,blue,,
9227,polyanthus-colored,y,,,
11512,pomegi'anate-colored,n,pomegranate-colored,,
11988,pomegranate-colored,y,,,
10426,pomona-green,c,green,,
13122,pompadour-colored,y,,,
1164,pongeau-colored,n,,,
5939,pop-blue,c,blue,,
7701,poppy-colored,y,,,
17304,poppy-red,y,,,
8396,porphyry-colored,y,,,
14105,portentously-colored,n,,m,
15199,porter-colored,y,,,
7867,potato-green,c,green,,
6300,powder-blue,y,,,
5264,prairie-rose,n,,,
14189,prefei-red,n,red,,
14394,prematurely-gray,n,gray,,
19019,prematurely-white,n,white,,
16564,preserved-ginger,n,,,
7918,prettier-colored,n,,m,
13066,pretty-colored,n,,m,
3853,priests-gray,c,gray,,
11352,primrose-colored,y,,,
14036,profll-red,n,,,
9929,proper-colored,n,,m,
10499,prune-colored,y,,,
8820,prussian-blue,y,,,
15738,pseudo-black,y,,,
2834,pseudo-white,y,,,
12525,puddingy-white,n,white,,
5365,punch-colored,n,,,
15354,pure-colored,n,,m,
5458,purpleand-blue,n,blue,,
18453,purpleand-gold,n,gold,,
5609,putting-green,n,green,,
7534,putty-colored,y,,,
12935,quaker-colored,n,,,
14997,queen-rose,n,,,
828,queer-colored,n,,m,
17326,quick-lime,n,,,
9337,quick-silver,y,,,
17166,quick-silvery,y,,,
7215,quince-cream,n,,,
4092,radiant-white,c,white,,
2446,ragand-bone,n,,,
17187,raii-tan,n,tan,,
13341,rail-tan,n,tan,,
7944,rainbow-colored,y,,,
13707,rainbow-gold,y,,,
1606,ran-tan,n,,,
5897,ran-tan-tan,n,,,
16758,rank-white,c,white,,
17705,rare-colored,n,,m,
11901,rasberry-cream,n,,,
16541,raspbeny-cream,n,,,
10882,raspberry-cream,n,,,
7995,rat-gray,c,gray,,
16211,rat-tat-tan,n,,,
8837,rat-tat-tattat-tan,n,,,
18269,rattat-tan,n,,,
17671,raven-black,y,,,
18954,raven-blue,c,blue,,
7472,raven-gray,c,gray,,
6790,raw-blue,c,blue,,
14827,raw-bone,n,,,
11205,re-color,n,,,
898,re-colored,n,,,
11998,re-gilded,n,gilded,,
6529,re-gilt,n,gilt,,
3177,re-rose,n,,,
10918,real-silver,y,,,
6910,recm-red,n,,,
8792,recui-red,n,,,
15389,red-brown-yellow,y,,,
6438,redand-blue,n,blue,,
2207,redand-white,n,white,,
4387,redand-yellow,n,yellow,,
6990,reddening-yellow,y,,,
8251,reddisli-auburn,n,auburn,,
8096,redly-golden,y,,,
881,reel-brick,n,,,
8263,reel-brown,c,brown,,
17958,revery-colored,n,,m,
6279,rhubarb-colored,y,,,
9991,rich-brown,c,brown,,
9445,rich-colored,n,,m,
8726,rich-red,c,red,,
4182,rich.-violet,c,violet,,
15512,richest-colored,n,,m,
11985,richly-colored,n,,m,
13695,richly-gilded,c,gilded,,
19214,richly-gilt,c,gilt,,
1366,richly-rosy,c,rosy,,
13627,rifle-green,c,green,,
15944,right-blue,n,blue,,
8295,ripe-colored,n,,m,
19115,ripe-red,c,red,,
17106,river-azure,y,,,
9243,river-blue,y,,,
7330,roan-colored,y,,,
12984,robin's-egg-colored,y,,,
5759,rock-ruby,y,,,
233,rose-colored-pink,y,,,
7283,rose-leaf-pink,c,pink,,
13219,roseleafand-lavender,n,lavender,,
11653,rosq-colored,n,rose-colored,,
6943,rough-colored,n,,m,
1997,rough-red,c,red,,
10085,roughly-colored,n,,m,
14385,royal-blue,c,blue,,
9811,royal-purple,c,purple,,
14038,rubv-colored,n,ruby,,
5955,ruddle-colored,n,,m,
13605,rude-colored,n,,m,
3662,ruse-colored,n,,m,
16858,rustic-red,c,red,,
16298,rustj'-black,n,black,,
429,rustj-colored,n,,,
16774,rusty-black,c,black,,
3300,rusty-brown,c,brown,,
4091,rusty-colored,y,,,
17078,rusty-gray,c,gray,,
1452,rusty-red,c,red,,
16111,s-blue,n,blue,,
2731,sa.-w-white,n,,,
12429,sack-of-wheat,n,,,
2622,sad-brown,c,brown,,
15639,sad-colored,n,,m,
1936,sad-gray,c,gray,,
8175,safiron-colored,n,,,
8478,sage-colored,y,,,
14930,sage-gray,c,gray,,
9155,sage-green,c,green,,
12926,salamander-colored,y,,,
19129,sallow-gray,c,gray,,
11768,sallow-white,c,white,,
1751,salt-colored,y,,,
18750,same-brown,n,brown,,
2837,sand-brown,c,brown,,
11123,sand-colored,y,,,
7020,sand-red,c,red,,
5996,sand-white,c,white,,
10590,sandstone-colored,y,,,
17183,sandy-brown,y,,,
15717,sandy-color,y,,,
14118,sandy-colored,y,,,
450,sandy-gray,c,gray,,
7783,sandy-red,c,red,,
858,sandy-white,c,white,,
6891,sang-azure,n,azure,,
8302,sanguineously-colored,n,sanguine,,
1242,sap-green,c,green,,
3295,saphire-colored,n,sapphire,,
6058,satin-brown,c,brown,,
6792,satinand-gold,n,gold,,
4295,satinand-silver,n,silver,,
2890,saucer-blue,c,blue,,
16196,sauow-colored,n,,,
10278,saw-bone,n,,,
8511,scarletand-green,n,green,,
10773,scattered-white,c,white,,
17657,scrupulously-white,c,white,,
11820,scuttc-red,n,,,
3344,sea-azure,c,azure,,
14649,sea-blue,c,blue,,
8605,sea-colored,y,,,
16344,sea-gray,c,gray,,
18178,sea-green,c,green,,
14066,sea-greeny,n,sea-green,,
19192,sea-lavender,c,lavender,,
1733,sea-pink,c,pink,,
2073,sea-red,c,red,,
4740,secluded-violet,c,violet,,
7323,seed-pearl,n,,,
19515,self-colored,n,,m,
5184,semi-blue,y,,,
16141,semi-purple,y,,,
2666,semi-white,y,,,
17193,senna-colored,y,,,
2303,sere-green,c,green,,
975,serious-colored,n,,m,
14475,shabby-colored,n,,m,
8368,shadowy-white,c,white,,
3933,sham-ebony,c,ebony,,
5577,sham-gilt,c,gilt,,
4454,shame-red,c,red,,
12321,shamrock-colored,y,,,
9112,shamrock-green,c,green,,
7951,shark-bone,n,,,
18145,shark-white,c,white,,
16693,sheep'a-gray,n,sheep's-gray,,
123,sheep's-gray,c,gray,,
10555,sheep-saffron,c,saffron,,
12960,sheet-white,c,white,,
15877,shell-pink,c,pink,,
8654,shelly-pink,n,shell-pink,,
14236,sherry-colored,y,,,
17668,shining-black,c,black,,
12239,shining-gold,c,gold,,
14544,shining-green,c,green,,
7286,shiningebony-colored,n,ebony-colored,,
7677,shiny-brown,c,brown,,
16553,shiny-red,c,red,,
16647,shiny-white,c,white,,
11353,shnuff-colored,n,snuff-colored,,
19414,shoe-black,n,,,[this is another word for shoe polish]
2989,showy-colored,n,,m,
11990,shrimp-colored,y,,,
6162,sickly-colored,y,,m,
5308,sickly-green,c,green,,
8257,sickly-yellow,c,yellow,,
10032,silk-white,c,white,,
795,silky-black,c,black,,
10977,silky-brown,c,brown,,
4495,silky-milky,n,milky,,
11175,silver.-gray,n,silver-gray,,
9861,single-white,n,,,
14920,siver-gilded,n,silver-gilded,,
13863,sk'-blue,n,,,
3661,skim-milky,n,,,
19426,skin-colored,y,,,
9310,skinand-bone,n,,,
15203,skittle-green,c,green,,
18868,skj-blue,n,sky-blue,,
18305,skv-blue,n,sky-blue,,
540,sky-bluest,y,,,
14041,sky-colored,y,,,
8679,sky-green,c,green,,
7683,skyish-blue,c,blue,,
15967,slate-blue,c,blue,,
5639,slate-color,y,,,
5544,slate-colored,y,,,
6385,slatey-blue,c,blue,,
2686,slaty-black,c,black,,
7443,slaty-blue,c,blue,,
13794,slaty-colored,y,,,
18045,slave-color,n,,,
9032,slightly-colored,n,,m,
3356,sloe-black,c,black,,
318,sloe-colored,y,,,
890,slvcr-gray,n,,,
934,smart-colored,n,,m,
8273,smiling-blue,c,blue,,
19554,smoke-black,c,black,,
15828,smoke-brown,c,brown,,
18614,smoke-colored,y,,,
7105,smokesnow-white,n,,,
18293,smokj-brown,n,smoky-brown,,
10848,smoky-black,c,black,,
1655,smoky-blue,c,blue,,
18847,smoky-colored,y,,,
2842,smoky-gray,c,gray,,
4847,smooth-white,n,white,,
9775,smut-color,y,,,
3846,snail-green,c,green,,
18481,snaky-black,c,black,,
10541,snoav-white,n,snow-white,,
15647,snoff-colored,n,snuff-colored,,
11338,snovr-white,n,snow-white,,
16423,snow-white,c,white,,
1676,snowy-white,y,,,
577,snpw-white,n,snow-white,,
5555,snuff'-colored,n,snuff-colored,,
16375,snuff-brown,c,brown,,
3065,snuff-color,y,,,
6602,snuff-colored,y,,,
7542,snuffs-colored,y,,,
13109,snuffy-brown,y,,,
1667,snufi'-colored,n,snuff-colored,,
4715,snufi-colored,n,snuff-colored,,
14871,snuflf-brown,n,snuff-brown,,
11826,snufp-colored,n,snuff-colored,,
8923,snuif-brown,n,snuff-brown,,
6308,snuif-colored,n,snuff-colored,,
4199,so-green,n,,,
14751,sober-colored,n,,m,
489,sodden-white,c,white,,
13336,soft-azure,c,azure,,
14979,soft-blue,c,blue,,
3189,soft-brown,c,brown,,
16865,soft-colored,n,,m,
14184,soft-gray,c,gray,,
7697,soft-white,c,white,,
16652,softly-blue,c,blue,,
15744,softly-colored,n,,m,
5163,sombre-colored,n,,m,
16228,sombre-green,c,green,,
12839,some-cream,n,,,
11551,soot-black,c,black,,
19447,soot-colored,y,,,
10138,sooty-black,c,black,,
3735,sooty-colored,y,,,
5229,sooty-saffron,c,saffron,,
15090,sorrel-colored,y,,,
12756,speedwell-blue,c,blue,,
19020,spiced-ginger,c,,,
17346,spinach-colored,y,,,
13850,spinach-green,c,green,,
9776,splendidly-colored,n,,m,
7725,spotless-white,c,white,,
8947,spotlessly-white,c,white,,
8967,spotty-blue,c,blue,,
9045,spray-white,c,white,,
15533,spring-green,c,green,,
9583,spring-rose,n,,,
38,spring-wheat,n,,,
10567,spui-red,n,,,
1096,spun-gold,c,gold,,
18857,stagg-red,c,red,,
18966,star-colored,y,,,
12904,star-gilded,n,,,
16452,star-white,c,white,,
12022,staring-colored,n,,,
72,steam-colored,y,,,
2517,steam-white,c,white,,
13200,steel-black,c,black,,
9263,steel-blue,c,blue,,
4690,steel-colored,y,,,
13915,steel-gray,c,gray,,
15082,steel-white,c,white,,
4792,steelly-blue,y,,,
11446,steely-blue,y,,,
13330,steely-gray,y,,,
6797,stern-white,c,white,,
12381,sth-red,n,,,
11775,stiff-gilded,n,,,
15270,stii-red,n,,,
1467,still-blue,n,blue,,
16386,still-ruddy,n,ruddy,,
3313,stone-blue,c,blue,,
13897,stone-color,y,,,
7766,stone-colored,y,,,
17026,stone-gray,c,gray,,
6292,stone-white,c,white,,
17595,stony-blue,y,,,
11416,stony-gray,y,,,
13170,stormily-purple,c,purple,,
13246,strange-colored,n,,m,
6068,strangely-colored,n,,m,
269,stravr-colored,n,straw-colored,,
8161,straw-color,y,,,
13965,straw-colored,y,,,
10799,strawberriesand-cream,n,,,
2751,strawberry-ice-colored,y,,,
12795,straws-colored,y,,,
982,stripe-colored,n,,m,
14805,striped-blue,y,,,
6837,strongly-colored,n,,m,
555,sub-lime,n,,,
710,suddenly-colored,n,,m,
15987,sufll-red,n,,,
3825,sugar-plum,y,,,
19130,sullen-purple,c,purple,,
11744,sulphur-blue,y,,,
13935,sulphur-color,y,,,
16121,sulphur-colored,y,,,
10466,sulphur-green,y,,,
687,summer-blue,c,blue,,
18949,summer-colored,y,,,
3218,summer-green,c,green,,
11760,sun-brown,y,,,
419,sun-color,y,,,
5901,sun-colored,y,,,
5419,sun-gilded,n,gilded,,
10015,sun-gilt,n,gilt,,
16322,sun-gold,c,gold,,
3012,sun-red,c,red,,
10665,sun-tan,n,,,
13816,sunny-brown,c,brown,,
3389,sunny-colored,y,,,
12900,sunset-colored,y,,,
19366,sunset-gilded,n,gilded,,
12292,super-gilt,n,gilt,,
12857,surf-white,c,white,,
3237,surface-gilt,n,,,
11430,swan-white,c,white,,
14686,swarthily-white,y,,,
14504,swarthy-red,c,red,,
6961,sweet-chestnut,n,,,
11431,taffy-colored,y,,,
6672,tallow-colored,y,,,
13054,tallow-white,c,white,,
13090,tansy-colored,y,,,
12270,tarn-brown,c,brown,,
17413,tawdry-colored,n,,m,
7017,tawiry-colored,n,tawdry-colored,m,
12806,tawney-colored,y,,,
2466,tea-brown,c,brown,,
9792,tea-colored,y,,,
10228,tea-green,c,green,,
10300,tea-rose,n,,,
11950,teak-colored,y,,,
9034,tender-blue,c,blue,,
8793,tender-colored,n,,m,
3632,tender-green,c,green,,
6536,tenderly-colored,n,,m,
5057,terra-cotta,y,,,
5665,the-black,n,black,,
9054,the-color,n,,,
18147,the-gray,n,gray,,
15401,the-shadow,n,,,
7929,the-silver,n,silver,,
10056,the-white,n,white,,
14457,theblood-red,n,blood-red,,
6244,theboot-black,n,,,
8145,their-green,n,,,
1522,thelui'idlead-colored,n,,,
15608,thick-gilt,n,gilt,,
11556,thigh-bone,n,,,
4077,thinly-gilt,n,gilt,,
2526,thousand-colored,n,,m,
11197,thread-of-gold,n,,,
14073,threadbare-black,n,black,,
15330,three-colored,n,,m,
11628,thunder-black,c,black,,
11914,thunder-colored,n,,,
4443,tiger-brown,c,brown,,
15628,tiger-yellow,c,yellow,,
1355,tii-colored,n,,,
9099,time-colored,n,,m,
15785,time-gray,n,gray,,
11945,tinsel-gilt,n,gilt,,
10264,tja'.-red,n,,,
9460,tlier-o'-pearl,n,,,
946,toad-colored,y,,,
1685,tobacco-colored,y,,,
13885,tomato-catsup-colored,y,,,
2423,tonv-colored,n,,,
7976,too-rosy,n,,,
18778,too-sanguine,n,,,
12595,torquoise-blue,y,,,
2072,tortoise-colored,y,,,
8609,tose-colored,n,,,
17579,tow-colored,y,,,
16583,treacle-colored,y,,,
2232,tri-color,n,,m,
5822,tri-colored,n,,m,
11799,tripe-colored,y,,,
2385,trudle-colored,n,,,
5286,true-blue,y,,,
3306,truffle-colored,y,,,
17573,truflle-colored,n,truffle-colored,,
465,tube-rose,n,,,
8638,tulip-colored,y,,,
19017,turbid-colored,n,,m,
2613,turkey-red,y,,,
1979,tuu-colored,n,,,
1071,twilight-gray,c,gray,,
674,twin-blue,c,blue,,
218,twine-colored,y,,,
11572,two-blue,n,,,
1020,two-colored,n,,m,
11963,tyger-color,y,,,
16798,tyrian-purple,y,,,
11741,u'rise-colored,n,,,
1483,ugly-colored,n,,m,
18808,uncertain-colored,n,,m,
14270,uncommon-colored,n,,m,
3086,undecided-colored,n,,m,
15837,under-colored,n,,m,
1735,under-done-pie-crust-colored,y,,,
13688,undress-gray,c,gray,,
11639,uniform-colored,n,,m,
9926,up-rose,n,,,
8987,vainly-gilded,n,gilded,,
1658,van-tan,n,,,
786,vandyke-brown,y,,,
13056,vari-colored,n,,m,
2326,varied-colored,n,,m,
15216,various-colored,n,,m,
10577,variously-colored,n,,m,
16688,veal-colored,y,,,
18817,vegetable-ivory,n,ivory,,
9658,velvet-black,c,black,,
16943,velvet-brown,c,brown,,
5107,velvet-colored,y,,,
18265,velvet-gold,c,gold,,
1572,velvet-green,c,green,,
1023,velvet-purple,c,purple,,
6577,velvety-brown,c,brown,,
17307,velvety-green,c,green,,
8086,venetian-red,y,,,
15109,ventu-red,n,,,
6475,verdant-green,n,green,,
2904,vermillion-red,y,,,
15801,village-green,n,,this is another term for the village field,
9935,violently-violet,c,violet,,
1225,violetand-green,n,,,
4979,virgin-white,c,white,,
6230,vivid-blue,c,blue,,
16345,vividly-colored,n,,m,
667,vvdiite-rose,n,,,
14485,wallflower-red,c,red,,
647,walnut-brown,y,,,
17482,walnut-color,y,,,
17972,walnut-colored,y,,,
1930,wan-blue,c,blue,,
16838,warm-brown,c,brown,,
8111,warm-colored,n,,m,
18491,warm-gray,c,gray,,
10982,warm-white,c,white,,
9510,warmly-colored,n,,,
6978,warmly-red,c,red,,
10556,washing-blue,c,blue,,
7969,washing-green,c,green,,
13482,watcbet-colored,n,watchet-colored,,
11162,watchel-colored,n,watchet-colored,,
13900,watchet-blue,c,blue,,
9019,watchet-colored,y,,,
15414,watek-color,n,,,
11905,water-blue,c,blue,,
18205,water-color,n,,,
484,water-colored,y,,,
17255,water-gilt,n,,,
18509,water-gray,c,gray,,
1887,water-violet,c,violet,,
17437,watery-green,c,green,,
7148,wax-white,c,white,,
7291,waxen-colored,y,,,
13015,waxen-flaxen,y,,,
7093,waxen-white,y,,,
19565,wdiity-brown,n,brown,,
16785,weakly-white,n,white,,
17809,weather-brown,c,brown,,
21,weather-colored,n,,m,
2948,weather-gray,c,gray,,
5767,wedding-white,c,white,,
4426,weird-green,n,green,,
2392,well-black,c,black,,
6064,well-colored,n,,m,
10879,well-gilded,n,gilded,,
2682,well-gilt,n,gilt,,
14582,wet-purple,n,purple,,
3715,wh-wh-white,n,white,,
17944,whale-bone,n,,,
6665,whipt-cream,n,,,
983,whirr-r-red,n,red,,
17291,whiskers-red,y,,,
6864,whitcned-green,n,,,
14299,whiteand-black,n,,,
4592,whiteand-blue,n,,,
11878,whiteand-gold,n,,,
9688,whiteand-pink,n,,,
653,whited-brown,c,brown,,
2606,whitely-brown,y,,,
11139,whitened-green,y,,,
8569,whitey-blue,y,,,
2388,whitey-brown,y,,,
8453,whitey-gray,y,,,
1144,whitey-green,y,,,
7964,whitisrhbuff-colored,n,,,
13284,whitj-brown,n,whity-brown,,
12739,whity-brown,y,,,
16079,whity-yellow,y,,,
18176,wild-cherry,n,,,
8156,wild-honey,n,,,
13724,wild-indigo,n,,,
2840,wild-olive,n,,,
7527,wild-pigeon-blue,y,,,
7299,wild-rose,n,,,
7805,willow-green,y,,,
13595,willowy-green,y,,,
5615,wine-colored,y,,,
16264,wine-red,y,,,
2922,winter-green,y,,,
7364,winter-red,y,,,
14218,wintry-blue,y,,,
3114,witch-hazel,n,,,
17272,witey-brown,n,whitey-brown,,
13875,with-colored,n,,,
14586,with-crimson,n,,,
5656,wliitey-brown,n,whitey-brown,,
15582,wliitish-colored,n,whitish-colored,,
12581,wood-brown,c,brown,,
2046,wood-colored,y,,,
1760,wood-violet,n,,,
1827,wool-white,c,white,,
12294,woolen-white,c,white,,
13084,woolly-white,c,white,,
10901,worn-gray,c,gray,,
19262,wrong-colored,n,,,
14576,wrought-gold,n,gold,,
317,wrought-silver,n,silver,,
19191,wycli-hazel,n,,,
4258,y-blue,n,,,
12617,y-white,n,,,
9568,yaller-green,y,,,
9725,yellow-clay-colored,y,,,
8319,yellow-green-white,n,,,
2758,yellowand-gray,n,,,
12510,yellowand-white,n,,,
8543,yellowash-green,n,yellowish-green,,
4765,yellows-black,n,,,
18608,yeruu-red,n,,,